file,prompt_tokens,completion_tokens,prefill_ms,prefill_tok_s,decode_ms,decode_tok_s,wall_ms
ctx_001_000256.txt,255,128,896.57,284.41727918623195,3213.449,39.832591088266845,4121.472597122192
ctx_002_000512.txt,504,128,1060.518,475.23945845332184,3190.361,40.120851527460374,4345.247268676758
ctx_003_001024.txt,1017,44,1692.56,600.8649619511273,1085.14,40.54776342223123,2948.7369060516357
ctx_004_002048.txt,2044,128,3298.551,619.6660291139958,3295.611,38.83953536992078,6790.773868560791
ctx_005_004096.txt,4076,128,6888.401,591.7193264445552,3395.108,37.70130434731384,10636.959552764893
ctx_007_008192.txt,8164,128,15394.899,530.3055252262454,3487.423,36.70331932776724,19523.14066886902
ctx_009_016384.txt,16373,128,41533.497,394.211929710614,3933.126,32.5440883409278,47036.590576171875
ctx_011_032768.txt,32761,24,116451.204,281.3281346580152,761.013,31.53691198442076,121558.29787254333
