file,prompt_tokens,completion_tokens,prefill_ms,prefill_tok_s,decode_ms,decode_tok_s,wall_ms
ctx_001_000256.txt,255,128,786.73,324.1264474470276,3222.548,39.72012208972528,4027.6424884796143
ctx_002_000512.txt,504,128,989.167,509.51962610964574,3328.907,38.4510591614605,4443.135738372803
ctx_003_001024.txt,1017,128,1689.473,601.9628606080121,3640.027,35.164574328706905,5508.167743682861
ctx_004_002048.txt,2044,128,3710.419,550.8811808046477,4125.509,31.02647455138263,8156.969308853149
ctx_005_004096.txt,4076,128,8010.047,508.8609342741684,5118.831,25.005709311364253,13726.5145778656
ctx_006_006144.txt,6142,128,12946.521,474.41316474132316,6164.712,20.763338173786543,20277.024745941162
ctx_007_008192.txt,8164,128,18949.256,430.8348570519074,7231.409,17.700561536486184,27889.84203338623
