file,prompt_tokens,completion_tokens,prefill_ms,prefill_tok_s,decode_ms,decode_tok_s,wall_ms
ctx_001_000256.txt,255,128,1344.63,189.64324758483744,3281.132,39.01092671675507,4637.453556060791
ctx_002_000512.txt,504,128,2371.115,212.55822682577607,3410.164,37.534851696282054,5875.275611877441
ctx_003_001024.txt,1017,128,4577.407,222.17818952957427,3454.966,37.04812145763518,8170.21369934082
ctx_004_002048.txt,2044,128,9532.972,214.41372113544446,3488.777,36.68907471013481,13229.470252990723
ctx_005_004096.txt,4076,128,19426.898,209.81218926459593,3560.089,35.95415732584213,23335.6351852417
ctx_007_008192.txt,8164,128,41908.795,194.80397849663777,3692.785,34.66218585701578,46240.57102203369
ctx_009_016384.txt,16373,128,95546.373,171.36181610996368,3932.258,32.55127206810947,100692.64221191406
ctx_011_032768.txt,32761,128,231194.103,141.70344128543798,4476.147,28.596022427324215,238135.94460487366
