file,prompt_tokens,completion_tokens,prefill_ms,prefill_tok_s,decode_ms,decode_tok_s,wall_ms
ctx_001_000256.txt,255,128,816.166,312.4364406260491,3278.388,39.043578734426795,4496.309995651245
ctx_002_000512.txt,504,128,979.407,514.5970980399364,3224.785,39.69256865186362,4565.821409225464
ctx_003_001024.txt,1017,128,2012.879,505.2464653861459,3225.705,39.68124797524882,5811.321020126343
ctx_004_002048.txt,2044,128,3999.471,511.067588688604,3252.879,39.349757553232074,7879.3699741363525
ctx_005_004096.txt,4076,128,8400.672,485.1992792957515,3357.946,38.118540321970634,12492.044925689697
ctx_007_008192.txt,8164,128,19283.662,423.3635706744912,3483.723,36.74230126792515,23749.097108840942
ctx_009_016384.txt,16373,128,48948.537,334.4941647592041,3818.373,33.52213102282045,54279.75082397461
ctx_011_032768.txt,32761,128,139941.728,234.10458387365347,4216.996,30.353360543856336,146860.53276062012
