file,prompt_tokens,completion_tokens,prefill_ms,prefill_tok_s,decode_ms,decode_tok_s,wall_ms
ctx_001_000256.txt,255,128,1235.855,206.33488556505415,3229.484,39.63481472581998,4474.658489227295
ctx_002_000512.txt,504,128,1678.719,300.22892455497316,3290.742,38.897002560516746,5072.530269622803
ctx_003_001024.txt,1017,128,3331.102,305.30437074577725,3410.044,37.53617255378523,6875.371217727661
ctx_004_002048.txt,2044,128,6636.785,307.9804453511753,3459.715,36.99726711593296,10303.260087966919
ctx_005_004096.txt,4076,128,13960.394,291.9688369826812,3496.267,36.61047625939324,17807.581901550293
ctx_007_008192.txt,8164,128,30825.522,264.84547447404134,3579.439,35.759793643640805,35065.66667556763
ctx_009_016384.txt,16373,128,69989.989,233.93345582608964,3773.16,33.92381982211197,74981.96482658386
ctx_011_032768.txt,32761,128,180647.551,181.35313663897938,4308.856,29.706260780123543,187418.95055770874
