file,prompt_tokens,completion_tokens,prefill_ms,prefill_tok_s,decode_ms,decode_tok_s,wall_ms
ctx_001_000256.txt,255,128,1512.012,168.64945516305428,3262.717,39.2311070803873,4784.769535064697
ctx_002_000512.txt,504,128,2724.4,184.99486125385405,3461.504,36.97814591576378,6295.297861099243
ctx_003_001024.txt,1017,128,5537.596,183.65370099227175,3745.914,34.170565581591035,9472.53942489624
ctx_004_002048.txt,2044,128,11645.304,175.5213947184204,4255.202,30.080828125198284,16218.162298202515
ctx_005_004096.txt,4076,128,24111.37,169.0488761111459,5266.749,24.30341753518157,29974.35736656189
ctx_006_006144.txt,6142,128,38691.486,158.74293378134922,6311.62,20.280054882898526,46173.89941215515
ctx_007_008192.txt,8164,128,53357.117,153.00676758828632,7320.894,17.484203431985218,62390.763998031616
