file,prompt_tokens,completion_tokens,prefill_ms,prefill_tok_s,decode_ms,decode_tok_s,wall_ms
ctx_001_000256.txt,255,128,1218.392,209.2922474868515,3203.554,39.955624284778715,4441.639184951782
ctx_002_000512.txt,504,128,1158.993,434.86026231392253,3207.123,39.91116025172717,4499.299049377441
ctx_003_001024.txt,1017,128,1798.967,565.3244334109519,3218.147,39.774441627433426,5155.202150344849
ctx_004_002048.txt,2044,128,2941.409,694.9050608058926,3237.261,39.53959844448749,6430.11212348938
ctx_005_004096.txt,4076,128,6038.763,674.9726723834004,3325.686,38.48829985753315,9717.897891998291
ctx_007_008192.txt,8164,128,16325.958,500.06253844337954,3474.177,36.84325812991106,20663.69318962097
ctx_009_016384.txt,16373,1,52532.289,311.6749776504123,0.001,1000000.0,55626.17802619934
ctx_011_032768.txt,32761,128,109761.846,298.4734786621573,4331.57,29.55048631327671,119012.66574859619
